Unnamed: 0,file_code,EU27,BE,BG,CZ,DK,DE,EE,IE,EL,ES,FR,HR,IT,CY,LV,LT,LU,HU,MT,NL,AT,PL,PT,RO,SI,SK,FI,SE,UK,IS,NO,CH,ME,MD,MK,AL,RS,TR,US
base_total,Q1,13124.0,543.0,475.0,544.0,442.0,571.0,497.0,476.0,566.0,566.0,544.0,493.0,545.0,248.0,502.0,488.0,250.0,468.0,249.0,550.0,455.0,553.0,544.0,595.0,459.0,491.0,473.0,537.0,435.0,246.0,470.0,444.0,94.0,93.0,498.0,105.0,469.0,454.0,475.0
base_weighted_total,Q1,13124.0,543.0,475.0,544.0,442.0,571.0,497.0,476.0,566.0,566.0,544.0,493.0,545.0,248.0,502.0,488.0,250.0,468.0,249.0,550.0,455.0,553.0,544.0,595.0,459.0,491.0,473.0,537.0,435.0,246.0,470.0,444.0,94.0,93.0,498.0,105.0,469.0,454.0,475.0
saving_water,Q1,6371.0,297.0,236.0,277.0,217.0,202.0,165.0,138.0,274.0,413.0,351.0,168.0,209.0,79.0,195.0,313.0,110.0,216.0,123.0,174.0,199.0,266.0,188.0,248.0,129.0,385.0,178.0,209.0,202.0,43.0,131.0,179.0,33.0,37.0,61.0,17.0,131.0,242.0,289.0
saving_water_percentage,Q1,48.5,54.7,49.7,50.9,49.2,35.4,33.2,29.0,48.4,72.9,64.5,34.0,38.3,31.7,38.8,64.2,44.0,46.2,49.3,31.5,43.8,48.0,34.6,41.7,28.2,78.4,37.6,39.0,46.4,17.6,28.0,40.4,34.7,39.3,12.3,15.8,27.9,53.4,60.9
saving_energy,Q1,8675.0,419.0,290.0,352.0,334.0,378.0,258.0,192.0,380.0,476.0,412.0,256.0,316.0,140.0,260.0,353.0,144.0,307.0,89.0,321.0,286.0,352.0,231.0,318.0,198.0,403.0,307.0,370.0,229.0,87.0,260.0,304.0,36.0,56.0,110.0,22.0,190.0,247.0,324.0
saving_energy_percentage,Q1,66.1,77.1,61.1,64.7,75.6,66.2,51.8,40.3,67.1,84.1,75.8,52.0,57.9,56.6,51.7,72.3,57.4,65.7,35.7,58.4,63.0,63.7,42.4,53.5,43.2,82.2,65.0,68.9,52.7,35.4,55.3,68.6,38.2,60.1,22.1,21.2,40.4,54.3,68.3
using_predominantly_renewable_energy_e_g_including_own_production_through_solar_panels_etc_,Q1,3165.0,204.0,49.0,91.0,152.0,208.0,47.0,60.0,91.0,146.0,62.0,51.0,173.0,37.0,44.0,88.0,74.0,106.0,45.0,227.0,161.0,80.0,90.0,67.0,85.0,67.0,144.0,226.0,113.0,50.0,86.0,162.0,8.0,8.0,22.0,7.0,24.0,51.0,67.0
using_predominantly_renewable_energy_e_g_including_own_production_through_solar_panels_etc__percentage,Q1,24.1,37.6,10.3,16.7,34.4,36.5,9.4,12.6,16.0,25.8,11.4,10.4,31.7,14.9,8.8,17.9,29.8,22.6,17.9,41.2,35.4,14.5,16.5,11.3,18.5,13.6,30.4,42.0,25.9,20.4,18.3,36.5,8.1,8.1,4.4,6.8,5.2,11.1,14.2
saving_materials,Q1,7412.0,351.0,237.0,330.0,249.0,295.0,196.0,116.0,315.0,444.0,277.0,202.0,305.0,96.0,238.0,381.0,124.0,213.0,98.0,336.0,251.0,294.0,161.0,268.0,175.0,361.0,300.0,407.0,212.0,101.0,227.0,236.0,26.0,31.0,93.0,20.0,185.0,267.0,320.0
saving_materials_percentage,Q1,56.5,64.7,50.0,60.6,56.4,51.7,39.4,24.4,55.7,78.5,51.0,40.9,55.9,38.8,47.4,78.1,49.4,45.4,39.2,61.2,55.2,53.1,29.7,45.1,38.1,73.5,63.4,75.8,48.8,40.9,48.3,53.2,27.6,33.2,18.7,18.7,39.4,58.8,67.3
switching_to_greener_suppliers_of_materials,Q1,4369.0,238.0,136.0,189.0,156.0,189.0,92.0,126.0,194.0,297.0,213.0,80.0,153.0,61.0,99.0,210.0,94.0,95.0,105.0,145.0,160.0,129.0,76.0,202.0,115.0,193.0,135.0,210.0,190.0,77.0,186.0,204.0,23.0,11.0,29.0,4.0,63.0,190.0,227.0
switching_to_greener_suppliers_of_materials_percentage,Q1,33.3,43.8,28.7,34.7,35.3,33.1,18.6,26.4,34.4,52.5,39.1,16.2,28.1,24.4,19.7,43.1,37.4,20.3,42.2,26.4,35.3,23.3,14.1,33.9,25.0,39.3,28.6,39.1,43.6,31.4,39.6,46.0,24.7,12.2,5.9,3.8,13.4,41.9,47.8
minimising_waste,Q1,8619.0,449.0,283.0,406.0,277.0,338.0,227.0,235.0,296.0,466.0,378.0,248.0,433.0,101.0,208.0,309.0,164.0,254.0,113.0,342.0,334.0,279.0,108.0,280.0,233.0,404.0,298.0,408.0,315.0,135.0,350.0,316.0,45.0,18.0,102.0,9.0,162.0,257.0,370.0
minimising_waste_percentage,Q1,65.7,82.6,59.5,74.6,62.8,59.1,45.7,49.4,52.3,82.3,69.5,50.3,79.4,40.8,41.4,63.3,65.8,54.2,45.3,62.2,73.5,50.4,19.8,47.0,50.8,82.2,63.1,76.1,72.5,55.0,74.5,71.2,47.5,19.3,20.4,8.5,34.5,56.6,77.9
selling_your_residues_and_waste_to_another_company,Q1,2935.0,152.0,93.0,154.0,98.0,128.0,57.0,38.0,85.0,158.0,131.0,84.0,118.0,20.0,87.0,128.0,77.0,89.0,63.0,172.0,94.0,87.0,109.0,115.0,67.0,100.0,84.0,93.0,71.0,45.0,89.0,112.0,16.0,6.0,56.0,7.0,101.0,106.0,120.0
selling_your_residues_and_waste_to_another_company_percentage,Q1,22.4,28.0,19.5,28.4,22.1,22.4,11.5,8.0,15.0,27.9,24.0,17.1,21.7,8.2,17.3,26.2,30.8,19.1,25.1,31.2,20.6,15.8,20.1,19.3,14.7,20.3,17.7,17.3,16.2,18.3,18.9,25.2,16.7,6.5,11.2,6.3,21.6,23.3,25.3
recycling_by_reusing_material_or_waste_within_the_company,Q1,6307.0,262.0,127.0,256.0,184.0,223.0,180.0,260.0,188.0,434.0,278.0,157.0,262.0,125.0,74.0,163.0,132.0,106.0,112.0,310.0,211.0,204.0,297.0,204.0,170.0,250.0,235.0,304.0,294.0,83.0,248.0,241.0,15.0,15.0,69.0,16.0,99.0,195.0,324.0
recycling_by_reusing_material_or_waste_within_the_company_percentage,Q1,48.1,48.2,26.8,47.1,41.7,39.0,36.2,54.6,33.1,76.6,51.0,31.8,48.0,50.4,14.6,33.4,52.8,22.6,45.0,56.3,46.5,36.8,54.6,34.3,36.9,51.0,49.7,56.7,67.6,33.6,52.7,54.3,16.4,16.3,13.9,15.6,21.1,43.0,68.3
designing_products_that_are_easier_to_maintain_repair_or_reuse,Q1,3804.0,185.0,100.0,212.0,134.0,181.0,82.0,74.0,128.0,255.0,186.0,79.0,155.0,33.0,70.0,130.0,77.0,66.0,60.0,152.0,129.0,78.0,56.0,156.0,111.0,129.0,170.0,178.0,131.0,56.0,172.0,133.0,3.0,5.0,33.0,6.0,52.0,164.0,219.0
designing_products_that_are_easier_to_maintain_repair_or_reuse_percentage,Q1,29.0,34.0,21.1,39.0,30.4,31.7,16.5,15.5,22.6,45.1,34.3,16.1,28.4,13.3,13.9,26.6,31.0,14.1,24.0,27.7,28.4,14.1,10.2,26.2,24.2,26.2,36.0,33.1,30.2,22.9,36.6,30.0,3.6,5.8,6.6,6.2,11.1,36.1,46.2
other_do_not_read_out_,Q1,225.0,6.0,13.0,1.0,21.0,8.0,0.0,4.0,0.0,2.0,9.0,4.0,13.0,0.0,25.0,0.0,9.0,25.0,4.0,17.0,1.0,4.0,40.0,2.0,21.0,2.0,1.0,11.0,5.0,5.0,18.0,8.0,0.0,3.0,50.0,0.0,0.0,0.0,0.0
other_do_not_read_out__percentage,Q1,1.7,1.0,2.7,0.2,4.8,1.5,0.0,0.8,0.0,0.3,1.7,0.9,2.3,0.0,5.0,0.0,3.6,5.3,1.5,3.1,0.2,0.7,7.4,0.4,4.5,0.4,0.3,2.1,1.1,2.0,3.9,1.8,0.0,3.2,10.0,0.0,0.0,0.0,0.0
none_do_not_read_out_,Q1,804.0,29.0,32.0,42.0,30.0,54.0,84.0,14.0,74.0,10.0,32.0,71.0,5.0,33.0,127.0,41.0,10.0,79.0,12.0,13.0,11.0,45.0,22.0,93.0,82.0,21.0,28.0,41.0,3.0,27.0,48.0,18.0,17.0,16.0,174.0,56.0,102.0,68.0,27.0
none_do_not_read_out__percentage,Q1,6.1,5.3,6.7,7.7,6.8,9.5,16.8,3.0,13.1,1.7,5.8,14.4,0.8,13.3,25.3,8.4,4.0,16.8,5.0,2.3,2.3,8.1,4.0,15.6,17.8,4.3,5.8,7.6,0.7,11.1,10.3,4.0,18.2,17.7,35.0,53.4,21.7,15.1,5.6
don_t_know_no_answer,Q1,169.0,0.0,7.0,0.0,5.0,4.0,2.0,14.0,0.0,0.0,0.0,7.0,24.0,0.0,2.0,0.0,0.0,0.0,0.0,5.0,0.0,9.0,28.0,14.0,0.0,1.0,6.0,0.0,5.0,10.0,3.0,13.0,0.0,4.0,15.0,0.0,5.0,3.0,1.0
don_t_know_no_answer_percentage,Q1,1.3,0.0,1.5,0.0,1.2,0.6,0.4,2.9,0.0,0.0,0.0,1.5,4.4,0.0,0.3,0.0,0.0,0.0,0.0,0.8,0.0,1.6,5.2,2.3,0.0,0.2,1.3,0.0,1.1,4.1,0.6,2.8,0.2,4.4,3.1,0.0,1.0,0.7,0.2
5_or_more_actions,Q1,5480.0,319.0,147.0,260.0,207.0,235.0,101.0,19.0,220.0,402.0,265.0,105.0,203.0,59.0,133.0,255.0,100.0,148.0,38.0,201.0,159.0,149.0,19.0,192.0,115.0,280.0,204.0,291.0,171.0,49.0,200.0,208.0,14.0,7.0,22.0,4.0,70.0,209.0,284.0
5_or_more_actions_percentage,Q1,41.8,58.7,30.9,47.8,46.8,41.2,20.2,3.9,38.9,71.1,48.7,21.4,37.2,23.6,26.4,52.2,40.1,31.6,15.1,36.6,34.9,27.0,3.5,32.2,25.1,57.1,43.0,54.2,39.2,19.9,42.5,46.8,14.9,7.8,4.4,3.8,15.0,46.1,59.9
3_or_4_actions,Q1,4116.0,126.0,151.0,145.0,103.0,149.0,115.0,243.0,131.0,104.0,130.0,120.0,255.0,62.0,95.0,122.0,118.0,119.0,148.0,274.0,254.0,179.0,273.0,119.0,108.0,134.0,111.0,125.0,223.0,79.0,120.0,133.0,19.0,30.0,56.0,14.0,91.0,72.0,103.0
3_or_4_actions_percentage,Q1,31.4,23.2,31.7,26.7,23.3,26.0,23.2,51.1,23.1,18.4,23.9,24.3,46.8,25.2,18.9,25.0,47.1,25.4,59.3,49.9,55.8,32.3,50.1,19.9,23.5,27.4,23.4,23.3,51.3,31.9,25.6,30.1,20.4,32.2,11.2,13.3,19.4,15.9,21.6
1_or_2_actions,Q1,2555.0,69.0,138.0,97.0,96.0,129.0,196.0,186.0,141.0,50.0,117.0,189.0,59.0,94.0,146.0,70.0,22.0,122.0,51.0,57.0,32.0,171.0,202.0,179.0,154.0,54.0,125.0,80.0,33.0,81.0,99.0,72.0,44.0,35.0,230.0,31.0,201.0,101.0,60.0
1_or_2_actions_percentage,Q1,19.5,12.8,29.1,17.9,21.8,22.7,39.4,39.2,25.0,8.8,21.6,38.4,10.8,37.9,29.1,14.4,8.9,26.2,20.7,10.3,7.0,30.9,37.2,30.0,33.6,11.0,26.4,14.9,7.6,33.0,21.0,16.3,46.3,37.9,46.3,29.5,42.9,22.2,12.7
no_actions,Q1,804.0,29.0,32.0,42.0,30.0,54.0,84.0,14.0,74.0,10.0,32.0,71.0,5.0,33.0,127.0,41.0,10.0,79.0,12.0,13.0,11.0,45.0,22.0,93.0,82.0,21.0,28.0,41.0,3.0,27.0,48.0,18.0,17.0,16.0,174.0,56.0,102.0,68.0,27.0
no_actions_percentage,Q1,6.1,5.3,6.7,7.7,6.8,9.5,16.8,3.0,13.1,1.7,5.8,14.4,0.8,13.3,25.3,8.4,4.0,16.8,5.0,2.3,2.3,8.1,4.0,15.6,17.8,4.3,5.8,7.6,0.7,11.1,10.3,4.0,18.2,17.7,35.0,53.4,21.7,15.1,5.6
base_total,Q2,13124.0,543.0,475.0,544.0,442.0,571.0,497.0,476.0,566.0,566.0,544.0,493.0,545.0,248.0,502.0,488.0,250.0,468.0,249.0,550.0,455.0,553.0,544.0,595.0,459.0,491.0,473.0,537.0,435.0,246.0,470.0,444.0,94.0,93.0,498.0,105.0,469.0,454.0,475.0
base_weighted_total,Q2,13124.0,543.0,475.0,544.0,442.0,571.0,497.0,476.0,566.0,566.0,544.0,493.0,545.0,248.0,502.0,488.0,250.0,468.0,249.0,550.0,455.0,553.0,544.0,595.0,459.0,491.0,473.0,537.0,435.0,246.0,470.0,444.0,94.0,93.0,498.0,105.0,469.0,454.0,475.0
save_water,Q2,5862.0,309.0,229.0,273.0,162.0,198.0,183.0,45.0,276.0,450.0,293.0,152.0,203.0,61.0,160.0,352.0,51.0,177.0,28.0,132.0,148.0,234.0,53.0,296.0,62.0,365.0,76.0,214.0,153.0,55.0,102.0,93.0,34.0,39.0,58.0,13.0,87.0,215.0,317.0
save_water_percentage,Q2,44.7,57.0,48.2,50.1,36.6,34.7,36.8,9.4,48.8,79.4,53.8,30.8,37.3,24.7,31.8,72.2,20.2,37.8,11.3,24.0,32.6,42.3,9.7,49.8,13.6,74.3,16.0,39.9,35.2,22.2,21.7,20.9,36.1,42.3,11.6,12.0,18.6,47.4,66.7
save_energy,Q2,7554.0,420.0,252.0,323.0,246.0,324.0,252.0,139.0,383.0,478.0,358.0,205.0,272.0,124.0,223.0,389.0,82.0,215.0,34.0,238.0,227.0,272.0,97.0,376.0,101.0,396.0,196.0,321.0,284.0,97.0,246.0,183.0,48.0,47.0,114.0,22.0,149.0,242.0,350.0
save_energy_percentage,Q2,57.6,77.3,53.1,59.5,55.6,56.7,50.7,29.2,67.7,84.4,65.9,41.6,49.9,50.2,44.4,79.8,32.9,46.0,13.7,43.4,49.8,49.2,17.8,63.2,22.0,80.6,41.5,59.7,65.2,39.5,52.4,41.1,51.2,51.1,22.8,21.1,31.7,53.3,73.6
use_predominantly_renewable_energy_e_g_including_own_production_through_solar_panels_etc_,Q2,4465.0,318.0,138.0,177.0,130.0,242.0,77.0,78.0,226.0,284.0,151.0,124.0,166.0,94.0,86.0,224.0,46.0,150.0,61.0,202.0,145.0,114.0,107.0,247.0,98.0,147.0,90.0,223.0,111.0,63.0,141.0,136.0,19.0,21.0,79.0,12.0,98.0,123.0,135.0
use_predominantly_renewable_energy_e_g_including_own_production_through_solar_panels_etc__percentage,Q2,34.0,58.6,29.0,32.6,29.5,42.4,15.4,16.5,39.9,50.3,27.8,25.1,30.5,37.9,17.2,46.0,18.6,32.1,24.4,36.8,31.9,20.7,19.7,41.5,21.4,30.0,19.0,41.4,25.5,25.4,30.1,30.5,20.2,23.0,15.9,11.7,20.9,27.1,28.4
save_materials,Q2,6141.0,337.0,235.0,291.0,184.0,260.0,215.0,102.0,290.0,457.0,226.0,161.0,223.0,88.0,222.0,372.0,58.0,189.0,39.0,181.0,177.0,229.0,66.0,323.0,83.0,349.0,137.0,266.0,181.0,87.0,219.0,118.0,27.0,44.0,91.0,10.0,102.0,267.0,331.0
save_materials_percentage,Q2,46.8,62.0,49.4,53.5,41.7,45.5,43.3,21.4,51.2,80.8,41.6,32.7,40.9,35.4,44.2,76.1,23.2,40.5,15.7,32.8,38.9,41.4,12.1,54.2,18.1,71.1,28.9,49.6,41.5,35.5,46.7,26.5,28.5,47.1,18.2,9.2,21.6,58.9,69.7
switch_to_greener_suppliers_of_materials,Q2,4535.0,281.0,165.0,192.0,130.0,204.0,113.0,87.0,243.0,369.0,222.0,105.0,115.0,70.0,117.0,266.0,45.0,91.0,47.0,137.0,47.0,146.0,72.0,255.0,74.0,228.0,79.0,203.0,235.0,57.0,205.0,109.0,9.0,13.0,44.0,4.0,59.0,229.0,260.0
switch_to_greener_suppliers_of_materials_percentage,Q2,34.6,51.8,34.6,35.3,29.3,35.7,22.7,18.3,42.9,65.2,40.9,21.3,21.0,28.4,23.3,54.5,18.0,19.4,18.8,24.9,10.2,26.5,13.2,42.9,16.0,46.5,16.7,37.8,54.1,23.3,43.5,24.6,10.1,13.9,8.8,3.9,12.5,50.4,54.8
minimise_waste,Q2,6939.0,434.0,270.0,351.0,204.0,248.0,210.0,55.0,288.0,481.0,336.0,210.0,224.0,91.0,169.0,354.0,56.0,181.0,38.0,237.0,241.0,243.0,136.0,327.0,94.0,386.0,161.0,317.0,275.0,122.0,278.0,146.0,49.0,15.0,106.0,12.0,129.0,230.0,368.0
minimise_waste_percentage,Q2,52.9,79.9,56.8,64.6,46.2,43.4,42.2,11.5,50.8,85.0,61.8,42.7,41.1,36.9,33.6,72.5,22.4,38.7,15.3,43.2,52.9,43.9,25.0,55.0,20.4,78.5,34.0,59.1,63.3,49.6,59.1,32.9,52.1,16.1,21.2,11.3,27.6,50.8,77.4
sell_your_residues_and_waste_to_another_company,Q2,2946.0,161.0,111.0,160.0,91.0,106.0,61.0,32.0,147.0,203.0,152.0,69.0,81.0,26.0,101.0,183.0,44.0,76.0,19.0,106.0,119.0,105.0,43.0,172.0,38.0,149.0,64.0,105.0,70.0,39.0,105.0,55.0,13.0,14.0,72.0,5.0,89.0,123.0,167.0
sell_your_residues_and_waste_to_another_company_percentage,Q2,22.4,29.7,23.4,29.4,20.5,18.6,12.3,6.8,26.0,35.9,27.9,14.0,14.9,10.5,20.1,37.6,17.7,16.2,7.7,19.2,26.1,18.9,7.9,28.9,8.3,30.3,13.6,19.6,16.1,15.8,22.3,12.4,14.3,14.7,14.5,5.1,18.9,27.1,35.2
recycle_by_reusing_material_or_waste_within_the_company,Q2,5399.0,262.0,145.0,224.0,166.0,207.0,156.0,100.0,232.0,449.0,231.0,113.0,193.0,78.0,72.0,178.0,72.0,110.0,27.0,187.0,171.0,187.0,91.0,270.0,91.0,259.0,110.0,290.0,252.0,76.0,237.0,114.0,26.0,12.0,50.0,21.0,103.0,198.0,325.0
recycle_by_reusing_material_or_waste_within_the_company_percentage,Q2,41.1,48.2,30.5,41.2,37.6,36.3,31.3,21.0,40.9,79.3,42.5,22.9,35.3,31.4,14.4,36.5,29.0,23.5,10.8,34.0,37.6,33.8,16.8,45.4,19.8,52.7,23.2,54.1,57.9,30.8,50.4,25.6,28.2,12.6,10.1,19.7,22.0,43.5,68.4
designing_products_that_are_easier_to_maintain_repair_or_reuse,Q2,3761.0,197.0,127.0,203.0,94.0,147.0,102.0,77.0,156.0,319.0,153.0,89.0,149.0,34.0,101.0,146.0,64.0,93.0,14.0,119.0,118.0,94.0,29.0,212.0,37.0,157.0,69.0,179.0,132.0,40.0,172.0,60.0,8.0,8.0,40.0,5.0,37.0,203.0,235.0
designing_products_that_are_easier_to_maintain_repair_or_reuse_percentage,Q2,28.7,36.3,26.7,37.3,21.2,25.8,20.5,16.1,27.5,56.3,28.2,18.0,27.3,13.7,20.1,30.0,25.7,19.8,5.7,21.6,25.8,17.1,5.4,35.6,8.0,32.1,14.6,33.4,30.4,16.2,36.5,13.5,8.5,8.5,8.0,5.1,8.0,44.7,49.6
other_do_not_read_out_,Q2,221.0,0.0,5.0,12.0,19.0,14.0,5.0,29.0,2.0,0.0,7.0,9.0,6.0,4.0,17.0,2.0,20.0,10.0,34.0,8.0,4.0,5.0,48.0,4.0,37.0,11.0,9.0,18.0,5.0,11.0,5.0,24.0,0.0,8.0,39.0,0.0,8.0,0.0,0.0
other_do_not_read_out__percentage,Q2,1.7,0.0,1.0,2.1,4.3,2.5,1.1,6.2,0.4,0.0,1.2,1.8,1.0,1.6,3.3,0.5,8.0,2.1,13.5,1.5,0.8,0.9,8.9,0.7,8.1,2.2,1.8,3.3,1.3,4.7,1.0,5.5,0.0,9.1,7.9,0.2,1.7,0.0,0.0
none_do_not_read_out_,Q2,2162.0,51.0,59.0,88.0,106.0,116.0,99.0,46.0,97.0,12.0,60.0,129.0,119.0,57.0,154.0,39.0,42.0,146.0,69.0,121.0,55.0,119.0,87.0,60.0,187.0,34.0,186.0,95.0,41.0,40.0,77.0,130.0,13.0,15.0,158.0,50.0,118.0,88.0,43.0
none_do_not_read_out__percentage,Q2,16.5,9.4,12.5,16.2,24.0,20.3,20.0,9.7,17.2,2.1,11.0,26.3,21.9,22.8,30.7,8.0,16.8,31.1,27.7,22.1,12.2,21.5,16.1,10.1,40.7,7.0,39.4,17.7,9.4,16.2,16.4,29.3,13.3,16.5,31.7,47.6,25.2,19.3,9.1
don_t_know_no_answer,Q2,345.0,3.0,26.0,0.0,18.0,11.0,6.0,23.0,2.0,4.0,8.0,18.0,26.0,3.0,21.0,0.0,11.0,12.0,37.0,40.0,5.0,9.0,62.0,5.0,0.0,1.0,4.0,2.0,12.0,31.0,10.0,21.0,3.0,2.0,25.0,6.0,11.0,16.0,5.0
don_t_know_no_answer_percentage,Q2,2.6,0.6,5.5,0.0,4.0,1.9,1.2,4.8,0.4,0.8,1.6,3.7,4.7,1.4,4.2,0.0,4.3,2.5,14.7,7.3,1.1,1.6,11.4,0.8,0.1,0.3,0.9,0.4,2.7,12.4,2.1,4.8,2.9,2.1,5.1,6.0,2.4,3.6,1.1
5_or_more_actions,Q2,5173.0,345.0,171.0,261.0,163.0,215.0,123.0,0.0,262.0,445.0,240.0,120.0,149.0,61.0,137.0,313.0,10.0,150.0,6.0,145.0,82.0,142.0,0.0,283.0,56.0,297.0,95.0,269.0,190.0,68.0,194.0,97.0,18.0,9.0,30.0,4.0,61.0,213.0,311.0
5_or_more_actions_percentage,Q2,39.4,63.5,36.0,47.9,37.0,37.6,24.7,0.0,46.2,78.6,44.1,24.3,27.4,24.6,27.2,64.2,4.2,32.0,2.4,26.4,18.1,25.7,0.0,47.6,12.2,60.6,20.1,50.1,43.6,27.4,41.3,21.9,18.9,10.0,6.0,4.2,13.0,47.0,65.4
3_or_4_actions,Q2,2775.0,74.0,103.0,96.0,53.0,111.0,102.0,64.0,82.0,68.0,88.0,63.0,201.0,47.0,59.0,86.0,100.0,56.0,55.0,183.0,233.0,131.0,98.0,85.0,44.0,96.0,63.0,42.0,172.0,35.0,82.0,65.0,25.0,35.0,73.0,9.0,56.0,49.0,69.0
3_or_4_actions_percentage,Q2,21.1,13.7,21.7,17.7,11.9,19.4,20.5,13.5,14.5,12.0,16.1,12.9,36.8,18.9,11.8,17.7,40.0,12.0,22.0,33.3,51.3,23.8,18.0,14.2,9.5,19.5,13.3,7.8,39.5,14.3,17.5,14.7,26.3,38.1,14.6,8.5,12.0,10.8,14.6
1_or_2_actions,Q2,2669.0,69.0,116.0,99.0,102.0,119.0,167.0,342.0,123.0,37.0,148.0,162.0,50.0,80.0,131.0,49.0,87.0,105.0,83.0,60.0,79.0,152.0,297.0,162.0,172.0,62.0,124.0,129.0,21.0,73.0,106.0,130.0,36.0,31.0,212.0,35.0,223.0,88.0,47.0
1_or_2_actions_percentage,Q2,20.3,12.8,24.3,18.2,23.2,20.8,33.6,71.9,21.7,6.5,27.2,32.8,9.2,32.3,26.1,10.1,34.7,22.3,33.2,10.9,17.4,27.4,54.6,27.2,37.5,12.7,26.3,23.9,4.7,29.6,22.6,29.3,38.5,33.4,42.6,33.7,47.4,19.3,9.8
no_actions,Q2,2162.0,51.0,59.0,88.0,106.0,116.0,99.0,46.0,97.0,12.0,60.0,129.0,119.0,57.0,154.0,39.0,42.0,146.0,69.0,121.0,55.0,119.0,87.0,60.0,187.0,34.0,186.0,95.0,41.0,40.0,77.0,130.0,13.0,15.0,158.0,50.0,118.0,88.0,43.0
no_actions_percentage,Q2,16.5,9.4,12.5,16.2,24.0,20.3,20.0,9.7,17.2,2.1,11.0,26.3,21.9,22.8,30.7,8.0,16.8,31.1,27.7,22.1,12.2,21.5,16.1,10.1,40.7,7.0,39.4,17.7,9.4,16.2,16.4,29.3,13.3,16.5,31.7,47.6,25.2,19.3,9.1
base_total,Q3,12184.0,528.0,438.0,518.0,415.0,524.0,433.0,434.0,519.0,559.0,522.0,435.0,519.0,218.0,399.0,462.0,244.0,423.0,236.0,536.0,449.0,505.0,497.0,514.0,417.0,471.0,452.0,517.0,424.0,216.0,439.0,422.0,73.0,73.0,329.0,67.0,393.0,413.0,450.0
base_weighted_total,Q3,12066.0,511.0,426.0,502.0,395.0,505.0,412.0,448.0,492.0,556.0,507.0,412.0,516.0,215.0,362.0,447.0,240.0,371.0,237.0,533.0,444.0,496.0,490.0,486.0,362.0,469.0,439.0,487.0,427.0,204.0,414.0,411.0,77.0,70.0,273.0,49.0,362.0,382.0,447.0
significantly_decreased,Q3,490.0,30.0,6.0,14.0,21.0,29.0,8.0,37.0,28.0,22.0,21.0,33.0,3.0,14.0,5.0,17.0,22.0,27.0,9.0,32.0,15.0,6.0,65.0,25.0,20.0,14.0,22.0,19.0,34.0,0.0,14.0,11.0,1.0,9.0,22.0,2.0,31.0,29.0,13.0
significantly_decreased_percentage,Q3,4.1,5.9,1.3,2.8,5.3,5.7,2.0,8.2,5.7,4.0,4.2,8.0,0.5,6.6,1.4,3.7,9.1,7.1,3.7,6.1,3.4,1.2,13.3,5.2,5.5,3.0,5.0,3.9,7.9,0.1,3.3,2.8,1.4,13.3,8.1,4.3,8.5,7.5,2.8
slightly_decreased,Q3,3126.0,135.0,181.0,173.0,104.0,111.0,145.0,89.0,155.0,122.0,75.0,142.0,173.0,93.0,99.0,159.0,66.0,126.0,70.0,99.0,165.0,103.0,162.0,178.0,98.0,146.0,141.0,117.0,73.0,20.0,88.0,84.0,22.0,23.0,72.0,14.0,132.0,129.0,85.0
slightly_decreased_percentage,Q3,25.9,26.4,42.5,34.4,26.4,22.1,35.2,19.7,31.6,21.9,14.7,34.4,33.5,43.2,27.4,35.6,27.7,33.8,29.8,18.5,37.0,20.9,33.2,36.7,27.0,31.2,32.1,24.1,17.2,10.0,21.4,20.4,28.9,33.4,26.4,29.0,36.4,33.7,18.9
slightly_increased,Q3,2380.0,103.0,75.0,109.0,55.0,121.0,56.0,125.0,86.0,149.0,95.0,70.0,84.0,23.0,68.0,65.0,63.0,60.0,52.0,93.0,84.0,88.0,90.0,78.0,95.0,97.0,69.0,121.0,103.0,37.0,125.0,84.0,7.0,7.0,37.0,8.0,35.0,47.0,116.0
slightly_increased_percentage,Q3,19.7,20.2,17.6,21.7,14.0,24.0,13.5,27.8,17.5,26.8,18.7,17.0,16.2,10.9,18.6,14.5,26.3,16.1,22.1,17.4,18.9,17.7,18.3,16.1,26.1,20.7,15.7,24.9,24.2,18.2,30.2,20.5,9.4,9.4,13.5,16.2,9.5,12.2,25.9
significantly_increased,Q3,1884.0,68.0,36.0,55.0,21.0,127.0,41.0,57.0,57.0,100.0,149.0,38.0,48.0,15.0,61.0,8.0,4.0,45.0,13.0,33.0,28.0,104.0,39.0,71.0,31.0,40.0,25.0,37.0,40.0,12.0,47.0,38.0,10.0,10.0,66.0,6.0,90.0,95.0,107.0
significantly_increased_percentage,Q3,15.6,13.3,8.4,11.0,5.3,25.0,9.9,12.7,11.6,18.0,29.5,9.2,9.3,7.1,16.8,1.8,1.8,12.2,5.5,6.3,6.3,21.0,8.0,14.5,8.6,8.5,5.7,7.5,9.4,5.9,11.4,9.3,13.4,14.7,24.3,11.4,24.8,24.9,24.0
not_changed_do_not_read_out_,Q3,2899.0,129.0,64.0,111.0,145.0,92.0,139.0,78.0,152.0,135.0,111.0,72.0,157.0,62.0,98.0,127.0,55.0,90.0,50.0,126.0,102.0,97.0,100.0,88.0,112.0,107.0,171.0,154.0,120.0,92.0,90.0,145.0,19.0,19.0,54.0,16.0,53.0,53.0,77.0
not_changed_do_not_read_out__percentage,Q3,24.0,25.3,14.9,22.0,36.6,18.3,33.9,17.4,30.8,24.3,21.9,17.4,30.4,29.0,27.1,28.3,22.8,24.2,21.1,23.6,23.0,19.6,20.5,18.1,31.0,22.9,38.8,31.6,28.1,45.3,21.8,35.4,25.4,26.4,19.8,33.0,14.6,13.8,17.2
don_t_know_no_answer,Q3,1288.0,45.0,65.0,41.0,49.0,25.0,23.0,64.0,14.0,27.0,56.0,58.0,52.0,7.0,31.0,72.0,29.0,24.0,42.0,150.0,51.0,97.0,33.0,46.0,6.0,64.0,12.0,39.0,57.0,42.0,50.0,47.0,17.0,2.0,22.0,3.0,22.0,30.0,50.0
don_t_know_no_answer_percentage,Q3,10.7,8.8,15.2,8.1,12.4,5.0,5.6,14.2,2.8,4.9,11.0,14.0,10.1,3.2,8.7,16.1,12.2,6.4,17.8,28.1,11.4,19.7,6.8,9.4,1.8,13.7,2.7,8.0,13.3,20.5,12.0,11.5,21.6,2.9,8.0,6.1,6.1,7.9,11.1
total_decreased_,Q3,3615.0,165.0,187.0,187.0,125.0,140.0,153.0,125.0,183.0,145.0,96.0,175.0,176.0,107.0,104.0,176.0,88.0,152.0,79.0,131.0,180.0,110.0,227.0,204.0,118.0,160.0,163.0,136.0,107.0,21.0,102.0,95.0,23.0,33.0,94.0,16.0,163.0,158.0,97.0
total_decreased__percentage,Q3,30.0,32.4,43.9,37.2,31.7,27.7,37.2,27.9,37.3,26.0,19.0,42.4,34.0,49.8,28.8,39.3,36.8,41.0,33.5,24.6,40.5,22.1,46.4,41.9,32.5,34.2,37.1,28.0,25.0,10.1,24.7,23.2,30.3,46.7,34.5,33.3,44.9,41.2,21.7
total_increased_,Q3,4264.0,171.0,111.0,164.0,76.0,248.0,96.0,181.0,143.0,249.0,244.0,108.0,132.0,39.0,128.0,73.0,68.0,105.0,65.0,126.0,112.0,192.0,129.0,149.0,126.0,137.0,94.0,158.0,143.0,49.0,172.0,122.0,17.0,17.0,103.0,13.0,125.0,142.0,223.0
total_increased__percentage,Q3,35.3,33.5,26.0,32.7,19.3,49.0,23.3,40.5,29.1,44.8,48.2,26.2,25.5,17.9,35.4,16.3,28.2,28.4,27.6,23.7,25.2,38.6,26.3,30.6,34.7,29.1,21.3,32.4,33.6,24.1,41.5,29.8,22.7,24.0,37.8,27.6,34.4,37.1,50.0
base_total,Q4,12184.0,528.0,438.0,518.0,415.0,524.0,433.0,434.0,519.0,559.0,522.0,435.0,519.0,218.0,399.0,462.0,244.0,423.0,236.0,536.0,449.0,505.0,497.0,514.0,417.0,471.0,452.0,517.0,424.0,216.0,439.0,422.0,73.0,73.0,329.0,67.0,393.0,413.0,450.0
base_weighted_total,Q4,12066.0,511.0,426.0,502.0,395.0,505.0,412.0,448.0,492.0,556.0,507.0,412.0,516.0,215.0,362.0,447.0,240.0,371.0,237.0,533.0,444.0,496.0,490.0,486.0,362.0,469.0,439.0,487.0,427.0,204.0,414.0,411.0,77.0,70.0,273.0,49.0,362.0,382.0,447.0
nothing,Q4,3111.0,110.0,104.0,157.0,142.0,107.0,174.0,52.0,139.0,137.0,185.0,76.0,76.0,70.0,125.0,214.0,67.0,60.0,39.0,139.0,99.0,171.0,80.0,105.0,113.0,125.0,148.0,174.0,145.0,81.0,60.0,75.0,33.0,18.0,60.0,12.0,71.0,149.0,86.0
nothing_percentage,Q4,25.8,21.5,24.3,31.2,35.9,21.2,42.4,11.6,28.3,24.6,36.4,18.4,14.8,32.4,34.5,47.8,27.8,16.2,16.6,26.1,22.3,34.5,16.3,21.6,31.1,26.6,33.7,35.8,34.0,39.9,14.4,18.3,42.9,25.2,21.8,25.1,19.5,38.8,19.3
less_than_1_of_annual_revenue,Q4,2692.0,99.0,85.0,102.0,71.0,92.0,90.0,64.0,77.0,67.0,143.0,89.0,156.0,58.0,88.0,108.0,76.0,101.0,40.0,101.0,107.0,120.0,64.0,136.0,88.0,127.0,93.0,94.0,52.0,38.0,69.0,91.0,1.0,14.0,56.0,5.0,72.0,42.0,78.0
less_than_1_of_annual_revenue_percentage,Q4,22.3,19.3,19.9,20.2,17.9,18.2,21.9,14.2,15.6,12.1,28.2,21.5,30.3,26.8,24.3,24.3,31.6,27.3,17.0,18.9,24.1,24.2,13.0,28.0,24.2,27.2,21.2,19.4,12.3,18.9,16.7,22.3,1.6,19.5,20.6,10.2,20.0,11.0,17.5
1_5_of_annual_revenue,Q4,3314.0,168.0,116.0,134.0,65.0,162.0,94.0,128.0,174.0,241.0,88.0,141.0,119.0,52.0,78.0,73.0,57.0,121.0,71.0,146.0,146.0,111.0,146.0,141.0,76.0,129.0,97.0,122.0,111.0,49.0,143.0,131.0,9.0,7.0,56.0,14.0,105.0,97.0,129.0
1_5_of_annual_revenue_percentage,Q4,27.5,32.9,27.1,26.7,16.5,32.0,22.8,28.5,35.4,43.3,17.4,34.2,23.1,24.2,21.4,16.2,23.9,32.5,29.8,27.4,32.9,22.3,29.9,29.0,21.0,27.6,22.1,25.1,26.1,24.0,34.7,32.0,12.2,9.7,20.3,28.8,29.0,25.3,29.0
6_10_of_annual_turnover,Q4,1013.0,49.0,59.0,57.0,31.0,52.0,26.0,60.0,59.0,53.0,23.0,32.0,49.0,16.0,24.0,25.0,10.0,19.0,13.0,18.0,19.0,28.0,64.0,54.0,42.0,52.0,58.0,49.0,35.0,4.0,54.0,40.0,13.0,14.0,45.0,8.0,48.0,40.0,49.0
6_10_of_annual_turnover_percentage,Q4,8.4,9.6,13.8,11.3,7.8,10.3,6.3,13.3,12.0,9.6,4.6,7.6,9.6,7.6,6.5,5.7,4.1,5.1,5.3,3.3,4.4,5.7,13.0,11.1,11.5,11.2,13.1,10.1,8.1,2.0,13.0,9.8,16.9,20.3,16.5,16.1,13.3,10.5,10.9
11_30_of_annual_turnover,Q4,380.0,13.0,20.0,23.0,20.0,17.0,3.0,24.0,24.0,19.0,9.0,17.0,12.0,7.0,13.0,5.0,1.0,19.0,3.0,23.0,8.0,10.0,21.0,19.0,24.0,8.0,19.0,26.0,11.0,4.0,11.0,7.0,10.0,1.0,16.0,0.0,35.0,13.0,30.0
11_30_of_annual_turnover_percentage,Q4,3.2,2.6,4.8,4.5,5.1,3.4,0.7,5.3,4.9,3.4,1.8,4.2,2.3,3.0,3.7,1.1,0.4,5.2,1.2,4.4,1.8,2.1,4.3,3.8,6.5,1.8,4.4,5.4,2.7,1.8,2.7,1.8,13.3,2.1,6.0,0.6,9.7,3.4,6.7
more_than_30_of_annual_revenue,Q4,286.0,7.0,17.0,14.0,13.0,6.0,7.0,14.0,6.0,15.0,8.0,14.0,18.0,6.0,5.0,6.0,0.0,7.0,0.0,21.0,7.0,14.0,8.0,20.0,8.0,4.0,2.0,3.0,21.0,0.0,20.0,8.0,2.0,1.0,13.0,1.0,11.0,13.0,5.0
more_than_30_of_annual_revenue_percentage,Q4,2.4,1.4,4.0,2.9,3.3,1.2,1.6,3.2,1.3,2.7,1.6,3.4,3.4,2.8,1.3,1.5,0.0,1.9,0.0,4.0,1.5,2.7,1.6,4.0,2.2,0.9,0.4,0.7,4.9,0.0,4.8,1.9,2.4,0.8,4.8,2.9,2.9,3.4,1.1
don_t_know_no_answer,Q4,1269.0,65.0,26.0,16.0,54.0,69.0,18.0,107.0,12.0,24.0,50.0,44.0,86.0,7.0,30.0,15.0,29.0,44.0,71.0,85.0,58.0,42.0,107.0,12.0,12.0,22.0,22.0,18.0,51.0,27.0,56.0,57.0,8.0,16.0,27.0,8.0,20.0,29.0,70.0
don_t_know_no_answer_percentage,Q4,10.5,12.7,6.0,3.2,13.6,13.7,4.4,23.8,2.5,4.3,9.9,10.7,16.6,3.3,8.2,3.4,12.2,11.9,30.1,16.0,13.0,8.4,21.9,2.5,3.4,4.8,5.0,3.6,12.0,13.4,13.7,14.0,10.7,22.4,10.0,16.2,5.5,7.6,15.6
base_total,Q5,12184.0,528.0,438.0,518.0,415.0,524.0,433.0,434.0,519.0,559.0,522.0,435.0,519.0,218.0,399.0,462.0,244.0,423.0,236.0,536.0,449.0,505.0,497.0,514.0,417.0,471.0,452.0,517.0,424.0,216.0,439.0,422.0,73.0,73.0,329.0,67.0,393.0,413.0,450.0
base_weighted_total,Q5,12066.0,511.0,426.0,502.0,395.0,505.0,412.0,448.0,492.0,556.0,507.0,412.0,516.0,215.0,362.0,447.0,240.0,371.0,237.0,533.0,444.0,496.0,490.0,486.0,362.0,469.0,439.0,487.0,427.0,204.0,414.0,411.0,77.0,70.0,273.0,49.0,362.0,382.0,447.0
its_own_financial_resources,Q5,7312.0,361.0,293.0,388.0,219.0,345.0,323.0,267.0,384.0,329.0,214.0,270.0,260.0,148.0,211.0,329.0,158.0,238.0,165.0,339.0,353.0,295.0,274.0,416.0,265.0,366.0,269.0,321.0,260.0,100.0,244.0,257.0,42.0,52.0,187.0,33.0,240.0,216.0,278.0
its_own_financial_resources_percentage,Q5,60.6,70.7,68.7,77.3,55.4,68.4,78.4,59.6,78.0,59.2,42.2,65.6,50.3,69.1,58.3,73.6,65.8,64.0,69.7,63.6,79.5,59.6,56.0,85.6,73.2,78.0,61.3,65.9,60.8,49.2,59.1,62.6,54.1,74.4,68.4,68.2,66.2,56.5,62.2
its_own_technical_expertise,Q5,6007.0,221.0,226.0,334.0,190.0,299.0,252.0,127.0,216.0,246.0,169.0,157.0,305.0,88.0,179.0,222.0,83.0,150.0,117.0,226.0,281.0,303.0,203.0,195.0,223.0,288.0,241.0,278.0,253.0,75.0,191.0,183.0,34.0,21.0,63.0,6.0,127.0,134.0,219.0
its_own_technical_expertise_percentage,Q5,49.8,43.2,53.1,66.6,48.0,59.2,61.3,28.3,43.8,44.2,33.4,38.1,59.1,41.0,49.5,49.8,34.6,40.5,49.4,42.4,63.3,61.1,41.5,40.1,61.7,61.4,54.8,57.0,59.3,37.1,46.3,44.6,44.5,29.8,23.1,11.9,35.0,35.0,48.9
external_support,Q5,2745.0,132.0,58.0,89.0,93.0,136.0,21.0,116.0,77.0,143.0,152.0,51.0,136.0,31.0,23.0,65.0,58.0,122.0,78.0,154.0,135.0,32.0,57.0,41.0,73.0,104.0,97.0,74.0,113.0,20.0,162.0,167.0,12.0,7.0,34.0,11.0,105.0,78.0,136.0
external_support_percentage,Q5,22.7,25.8,13.7,17.6,23.6,26.9,5.0,25.8,15.7,25.7,30.1,12.3,26.4,14.5,6.4,14.5,24.2,32.8,32.9,28.9,30.4,6.4,11.7,8.4,20.1,22.2,22.0,15.2,26.4,9.6,39.2,40.7,16.1,9.7,12.5,22.3,28.9,20.5,30.5
other_do_not_read_out_,Q5,301.0,15.0,19.0,4.0,18.0,27.0,3.0,1.0,10.0,29.0,21.0,12.0,0.0,8.0,3.0,11.0,5.0,16.0,5.0,8.0,0.0,0.0,17.0,3.0,12.0,5.0,6.0,14.0,0.0,3.0,10.0,9.0,0.0,7.0,10.0,0.0,6.0,3.0,8.0
other_do_not_read_out__percentage,Q5,2.5,2.9,4.4,0.8,4.5,5.3,0.6,0.2,2.0,5.2,4.1,3.0,0.0,3.6,0.8,2.5,2.0,4.4,2.2,1.4,0.0,0.1,3.5,0.6,3.4,1.1,1.3,2.9,0.0,1.3,2.4,2.3,0.0,9.9,3.8,0.0,1.8,0.7,1.8
don_t_know_no_answer,Q5,685.0,79.0,11.0,21.0,29.0,30.0,20.0,36.0,9.0,51.0,45.0,29.0,8.0,8.0,31.0,32.0,11.0,27.0,11.0,22.0,2.0,20.0,37.0,6.0,10.0,29.0,10.0,40.0,33.0,55.0,24.0,28.0,9.0,2.0,17.0,1.0,10.0,40.0,52.0
don_t_know_no_answer_percentage,Q5,5.7,15.5,2.5,4.3,7.4,6.0,4.8,8.0,1.8,9.3,8.8,7.0,1.6,3.6,8.5,7.1,4.5,7.3,4.6,4.2,0.4,3.9,7.5,1.2,2.7,6.1,2.3,8.1,7.7,26.9,5.8,6.7,11.3,2.2,6.1,2.1,2.8,10.4,11.5
base_total,Q6,3095.0,178.0,92.0,133.0,148.0,170.0,45.0,111.0,125.0,188.0,199.0,70.0,139.0,29.0,58.0,95.0,61.0,156.0,76.0,142.0,169.0,69.0,65.0,74.0,112.0,119.0,132.0,140.0,115.0,41.0,207.0,184.0,11.0,10.0,56.0,20.0,120.0,76.0,159.0
base_weighted_total,Q6,2745.0,132.0,58.0,89.0,93.0,136.0,21.0,116.0,77.0,143.0,152.0,51.0,136.0,31.0,23.0,65.0,58.0,122.0,78.0,154.0,135.0,32.0,57.0,41.0,73.0,104.0,97.0,74.0,113.0,20.0,162.0,167.0,12.0,7.0,34.0,11.0,105.0,78.0,136.0
public_funding_such_as_grants_guarantees_or_loans,Q6,967.0,49.0,27.0,36.0,12.0,51.0,12.0,59.0,42.0,45.0,63.0,12.0,35.0,11.0,7.0,40.0,14.0,98.0,35.0,44.0,43.0,5.0,9.0,15.0,11.0,29.0,23.0,28.0,51.0,7.0,88.0,54.0,1.0,2.0,7.0,3.0,79.0,13.0,30.0
public_funding_such_as_grants_guarantees_or_loans_percentage,Q6,35.2,37.0,46.6,41.2,12.7,37.1,60.1,50.7,54.6,31.4,41.6,23.7,25.6,34.5,31.9,61.3,23.9,80.2,44.9,28.6,31.9,17.0,15.7,37.5,15.7,27.9,24.3,37.7,44.8,35.8,54.2,32.2,7.6,32.9,19.9,26.9,75.7,16.9,21.9
private_funding_from_a_bank_an_investment_company_or_venture_capital_fund,Q6,763.0,43.0,21.0,35.0,24.0,48.0,7.0,21.0,29.0,57.0,29.0,10.0,21.0,8.0,4.0,22.0,5.0,44.0,31.0,45.0,40.0,12.0,27.0,14.0,13.0,35.0,20.0,13.0,16.0,2.0,44.0,38.0,2.0,4.0,13.0,3.0,18.0,9.0,34.0
private_funding_from_a_bank_an_investment_company_or_venture_capital_fund_percentage,Q6,27.8,32.5,36.3,39.2,25.4,35.0,32.6,17.9,37.3,39.8,19.3,18.8,15.1,25.1,16.2,34.2,8.9,36.4,39.9,28.9,29.9,37.4,46.3,34.5,17.9,34.1,21.1,17.4,13.9,10.6,27.2,22.6,18.0,64.3,37.7,25.1,17.1,11.0,24.6
private_funding_from_friends_and_relatives,Q6,271.0,11.0,9.0,18.0,0.0,27.0,1.0,11.0,8.0,12.0,11.0,9.0,10.0,5.0,2.0,12.0,7.0,1.0,6.0,15.0,10.0,4.0,0.0,6.0,8.0,19.0,4.0,5.0,21.0,4.0,18.0,19.0,0.0,2.0,4.0,0.0,3.0,7.0,27.0
private_funding_from_friends_and_relatives_percentage,Q6,9.9,8.6,15.7,20.4,0.4,20.0,4.4,9.1,10.5,8.4,7.0,16.8,7.6,15.9,10.3,18.5,11.6,1.0,7.5,10.0,7.6,12.9,0.0,14.0,11.1,18.3,4.6,6.7,18.2,18.7,11.1,11.6,0.0,28.6,13.1,2.8,3.1,8.8,20.0
advice_or_other_non_financial_assistance_from_public_administration,Q6,726.0,63.0,16.0,28.0,24.0,53.0,5.0,43.0,27.0,42.0,43.0,10.0,13.0,6.0,1.0,30.0,34.0,25.0,7.0,46.0,55.0,4.0,3.0,7.0,16.0,34.0,26.0,16.0,38.0,4.0,59.0,44.0,0.0,0.0,3.0,0.0,34.0,16.0,52.0
advice_or_other_non_financial_assistance_from_public_administration_percentage,Q6,26.4,48.0,26.8,31.7,25.6,39.1,21.9,37.6,35.0,29.6,28.3,19.0,9.3,19.2,6.3,46.5,58.0,20.4,8.8,30.1,40.7,11.6,5.7,17.2,21.7,32.8,26.8,22.0,33.6,20.4,36.3,26.2,0.0,4.4,8.8,0.0,32.1,20.5,38.3
advice_or_other_non_financial_assistance_from_private_consulting_and_audit_companies,Q6,1112.0,68.0,6.0,55.0,44.0,33.0,8.0,21.0,45.0,74.0,40.0,1.0,90.0,16.0,4.0,29.0,16.0,25.0,15.0,40.0,65.0,6.0,14.0,18.0,17.0,45.0,37.0,38.0,30.0,6.0,39.0,53.0,6.0,0.0,7.0,0.0,7.0,18.0,43.0
advice_or_other_non_financial_assistance_from_private_consulting_and_audit_companies_percentage,Q6,40.5,51.2,10.0,62.2,47.5,24.1,38.9,17.8,58.0,51.8,26.6,2.8,66.3,50.1,16.5,44.1,28.3,20.7,19.6,25.9,48.5,17.9,24.1,43.4,23.2,43.2,38.1,50.9,26.4,29.2,24.2,31.9,48.4,6.6,21.3,0.6,6.3,23.5,31.2
advice_or_other_non_financial_assistance_from_business_associations_and_clusters,Q6,746.0,58.0,21.0,33.0,38.0,43.0,9.0,27.0,29.0,39.0,37.0,10.0,27.0,18.0,6.0,29.0,18.0,30.0,15.0,28.0,51.0,4.0,16.0,11.0,12.0,37.0,49.0,33.0,25.0,4.0,58.0,56.0,0.0,0.0,2.0,0.0,18.0,12.0,58.0
advice_or_other_non_financial_assistance_from_business_associations_and_clusters_percentage,Q6,27.2,43.8,35.1,36.7,41.1,31.9,44.6,23.4,36.9,27.4,24.6,18.9,19.8,56.2,23.9,45.0,30.6,24.9,18.7,18.5,37.5,13.3,28.7,28.0,17.1,35.8,50.3,45.2,22.1,20.9,35.5,33.3,0.0,4.4,5.9,2.0,16.8,15.4,42.8
advice_or_other_non_financial_assistance_from_supply_chain_partners,Q6,756.0,43.0,12.0,35.0,40.0,47.0,11.0,24.0,48.0,38.0,41.0,8.0,20.0,9.0,5.0,33.0,17.0,32.0,8.0,39.0,35.0,8.0,6.0,14.0,34.0,48.0,41.0,33.0,42.0,8.0,60.0,84.0,4.0,1.0,4.0,3.0,22.0,18.0,73.0
advice_or_other_non_financial_assistance_from_supply_chain_partners_percentage,Q6,27.6,32.9,20.2,39.0,42.6,34.4,55.3,20.5,62.4,26.4,27.2,16.3,14.4,27.5,20.5,51.3,28.9,26.4,10.7,25.7,25.7,25.9,10.3,34.2,47.2,46.4,42.2,44.1,37.4,41.5,37.2,50.3,32.3,20.5,10.4,24.9,21.4,23.6,53.6
other_do_not_read_out_,Q6,153.0,4.0,3.0,2.0,9.0,14.0,0.0,0.0,0.0,5.0,7.0,7.0,8.0,3.0,6.0,0.0,4.0,9.0,11.0,3.0,15.0,2.0,9.0,2.0,3.0,3.0,5.0,2.0,20.0,0.0,3.0,4.0,0.0,1.0,2.0,0.0,7.0,0.0,6.0
other_do_not_read_out__percentage,Q6,5.6,2.9,6.0,2.1,10.2,10.6,0.0,0.2,0.1,3.7,4.9,14.5,6.2,9.7,24.1,0.2,6.4,7.0,14.0,2.0,11.3,7.7,15.1,5.5,4.6,2.6,5.6,3.1,17.7,0.8,1.6,2.1,0.4,8.7,5.3,1.2,6.6,0.4,4.5
don_t_know_no_answer,Q6,113.0,2.0,2.0,3.0,5.0,6.0,0.0,4.0,0.0,0.0,21.0,11.0,0.0,0.0,1.0,0.0,0.0,2.0,0.0,4.0,0.0,2.0,0.0,0.0,7.0,8.0,3.0,0.0,0.0,6.0,14.0,7.0,0.0,0.0,1.0,3.0,3.0,13.0,11.0
don_t_know_no_answer_percentage,Q6,4.1,1.2,3.2,3.4,5.9,4.5,0.6,3.9,0.0,0.1,13.5,21.2,0.0,0.0,5.0,0.0,0.0,2.0,0.4,2.5,0.0,7.0,0.0,0.0,9.5,7.4,2.9,0.4,0.0,28.4,8.3,4.4,0.0,0.0,2.0,24.6,2.9,17.1,8.1
total_public_sector_,Q6,1356.0,82.0,30.0,55.0,29.0,72.0,13.0,80.0,48.0,63.0,82.0,20.0,47.0,11.0,8.0,48.0,42.0,99.0,40.0,86.0,75.0,9.0,12.0,18.0,22.0,49.0,41.0,43.0,76.0,7.0,115.0,74.0,1.0,2.0,10.0,3.0,85.0,24.0,68.0
total_public_sector__percentage,Q6,49.4,61.9,52.0,62.3,31.3,53.1,61.3,68.9,62.1,43.8,54.0,40.4,34.8,34.5,33.3,74.3,73.1,81.2,51.4,55.7,55.4,27.0,21.2,43.8,30.3,47.3,42.0,57.7,67.7,38.0,70.6,44.3,7.6,35.1,28.1,26.9,81.1,30.2,49.7
total_private_sector_,Q6,2108.0,107.0,42.0,76.0,75.0,111.0,17.0,84.0,73.0,123.0,82.0,22.0,113.0,28.0,13.0,56.0,45.0,75.0,57.0,124.0,121.0,26.0,43.0,32.0,51.0,84.0,87.0,71.0,88.0,12.0,121.0,140.0,12.0,6.0,23.0,6.0,48.0,54.0,111.0
total_private_sector__percentage,Q6,76.8,81.4,71.8,85.9,80.1,81.7,81.1,72.8,94.1,86.1,53.5,43.2,83.3,88.5,56.9,85.9,76.9,61.2,72.8,80.9,89.6,81.1,75.2,77.9,70.1,80.8,89.9,95.8,77.7,60.4,74.6,83.8,98.7,89.1,67.7,50.8,46.0,69.4,81.5
base_total,Q7,12184.0,528.0,438.0,518.0,415.0,524.0,433.0,434.0,519.0,559.0,522.0,435.0,519.0,218.0,399.0,462.0,244.0,423.0,236.0,536.0,449.0,505.0,497.0,514.0,417.0,471.0,452.0,517.0,424.0,216.0,439.0,422.0,73.0,73.0,329.0,67.0,393.0,413.0,450.0
base_weighted_total,Q7,12066.0,511.0,426.0,502.0,395.0,505.0,412.0,448.0,492.0,556.0,507.0,412.0,516.0,215.0,362.0,447.0,240.0,371.0,237.0,533.0,444.0,496.0,490.0,486.0,362.0,469.0,439.0,487.0,427.0,204.0,414.0,411.0,77.0,70.0,273.0,49.0,362.0,382.0,447.0
complexity_of_administrative_or_legal_procedures,Q7,4210.0,207.0,173.0,245.0,96.0,160.0,43.0,40.0,181.0,296.0,198.0,141.0,146.0,71.0,96.0,142.0,72.0,120.0,39.0,68.0,157.0,223.0,98.0,167.0,109.0,205.0,91.0,95.0,63.0,46.0,131.0,89.0,21.0,22.0,58.0,11.0,152.0,136.0,74.0
complexity_of_administrative_or_legal_procedures_percentage,Q7,34.9,40.5,40.6,48.8,24.3,31.7,10.5,8.9,36.9,53.2,39.0,34.1,28.2,33.0,26.4,31.8,29.8,32.2,16.5,12.8,35.4,45.0,20.0,34.2,30.1,43.8,20.6,19.6,14.7,22.7,31.6,21.6,27.8,31.9,21.1,22.2,41.9,35.4,16.5
difficulty_to_adapt_environmental_legislation_to_your_company,Q7,3055.0,155.0,73.0,96.0,52.0,117.0,40.0,19.0,86.0,225.0,194.0,53.0,91.0,40.0,43.0,136.0,51.0,77.0,27.0,64.0,74.0,172.0,66.0,142.0,52.0,106.0,83.0,74.0,57.0,27.0,98.0,91.0,10.0,16.0,40.0,7.0,68.0,105.0,75.0
difficulty_to_adapt_environmental_legislation_to_your_company_percentage,Q7,25.3,30.3,17.2,19.0,13.2,23.2,9.8,4.3,17.4,40.4,38.4,12.9,17.7,18.6,12.0,30.3,21.4,20.9,11.4,12.1,16.7,34.7,13.5,29.1,14.4,22.7,18.9,15.2,13.3,13.2,23.7,22.1,13.1,22.6,14.6,15.0,18.6,27.5,16.7
technical_requirements_of_the_legislation_not_being_up_to_date,Q7,2478.0,148.0,118.0,105.0,37.0,78.0,36.0,4.0,110.0,209.0,162.0,89.0,81.0,27.0,61.0,76.0,45.0,76.0,47.0,33.0,41.0,64.0,59.0,123.0,22.0,102.0,68.0,70.0,59.0,31.0,67.0,42.0,9.0,16.0,26.0,0.0,73.0,102.0,68.0
technical_requirements_of_the_legislation_not_being_up_to_date_percentage,Q7,20.5,29.0,27.7,20.8,9.3,15.5,8.8,0.9,22.4,37.5,31.9,21.5,15.7,12.4,16.9,17.0,18.9,20.4,20.0,6.2,9.2,13.0,12.1,25.3,6.1,21.7,15.4,14.3,13.8,15.5,16.2,10.3,12.2,23.4,9.5,0.8,20.1,26.6,15.3
difficulty_in_choosing_the_right_resource_efficiency_actions_for_your_company,Q7,2698.0,135.0,76.0,96.0,89.0,91.0,41.0,70.0,121.0,190.0,173.0,44.0,79.0,45.0,43.0,118.0,45.0,39.0,19.0,83.0,78.0,110.0,76.0,103.0,40.0,75.0,107.0,129.0,62.0,32.0,145.0,78.0,5.0,13.0,25.0,0.0,68.0,113.0,92.0
difficulty_in_choosing_the_right_resource_efficiency_actions_for_your_company_percentage,Q7,22.4,26.5,17.9,19.1,22.5,17.9,10.0,15.6,24.5,34.1,34.1,10.7,15.3,21.1,11.9,26.4,18.6,10.5,8.0,15.5,17.5,22.3,15.6,21.3,11.0,16.0,24.3,26.4,14.4,15.5,35.0,19.1,6.6,18.7,9.3,0.8,18.9,29.6,20.6
cost_of_environmental_actions,Q7,3373.0,142.0,109.0,131.0,156.0,157.0,59.0,111.0,180.0,263.0,182.0,63.0,90.0,75.0,84.0,108.0,53.0,85.0,31.0,95.0,133.0,113.0,68.0,101.0,89.0,127.0,116.0,139.0,109.0,42.0,194.0,134.0,3.0,11.0,32.0,0.0,80.0,134.0,106.0
cost_of_environmental_actions_percentage,Q7,28.0,27.8,25.5,26.0,39.4,31.1,14.4,24.8,36.6,47.3,36.0,15.2,17.4,34.7,23.1,24.2,22.2,22.9,13.0,17.8,29.9,22.8,14.0,20.8,24.7,27.0,26.3,28.5,25.5,20.5,47.0,32.7,3.8,15.8,11.6,0.8,22.0,35.1,23.7
lack_of_specific_environmental_expertise,Q7,2873.0,122.0,108.0,103.0,80.0,111.0,41.0,44.0,122.0,255.0,143.0,66.0,80.0,42.0,68.0,137.0,37.0,38.0,36.0,107.0,120.0,150.0,44.0,98.0,68.0,66.0,64.0,74.0,72.0,35.0,119.0,70.0,3.0,11.0,28.0,3.0,75.0,120.0,80.0
lack_of_specific_environmental_expertise_percentage,Q7,23.8,23.9,25.5,20.4,20.4,21.9,10.0,9.9,24.8,45.8,28.2,16.0,15.4,19.6,18.7,30.7,15.6,10.3,15.4,20.1,27.0,30.2,8.9,20.2,18.8,14.0,14.7,15.3,16.7,17.3,28.7,17.1,3.8,15.0,10.1,5.8,20.7,31.4,18.0
lack_of_supply_of_required_materials_parts_products_or_services,Q7,2390.0,115.0,76.0,112.0,64.0,117.0,46.0,98.0,115.0,179.0,108.0,46.0,54.0,36.0,50.0,83.0,71.0,40.0,45.0,78.0,81.0,107.0,87.0,100.0,48.0,82.0,92.0,91.0,114.0,38.0,76.0,86.0,5.0,7.0,23.0,4.0,64.0,129.0,130.0
lack_of_supply_of_required_materials_parts_products_or_services_percentage,Q7,19.8,22.4,17.9,22.2,16.1,23.2,11.2,21.8,23.4,32.1,21.3,11.2,10.4,16.7,13.8,18.5,29.4,10.9,19.2,14.6,18.1,21.6,17.9,20.5,13.2,17.5,21.0,18.7,26.7,18.6,18.3,20.8,6.5,10.0,8.4,7.2,17.5,33.6,29.0
lack_of_demand_for_resource_efficient_products_or_services,Q7,2175.0,110.0,102.0,111.0,84.0,88.0,61.0,53.0,107.0,166.0,111.0,40.0,47.0,26.0,51.0,63.0,40.0,21.0,29.0,33.0,118.0,112.0,56.0,122.0,26.0,85.0,50.0,92.0,117.0,36.0,111.0,77.0,3.0,10.0,33.0,0.0,49.0,126.0,113.0
lack_of_demand_for_resource_efficient_products_or_services_percentage,Q7,18.0,21.5,24.1,22.2,21.2,17.5,14.7,11.8,21.7,29.8,22.0,9.8,9.1,12.0,14.1,14.1,16.7,5.7,12.1,6.2,26.6,22.5,11.4,25.1,7.1,18.1,11.3,18.8,27.4,17.5,26.8,18.8,4.5,14.9,12.2,0.8,13.6,33.0,25.3
complexity_associated_with_environmental_labelling_and_certification,Q7,2462.0,128.0,73.0,89.0,94.0,151.0,44.0,27.0,141.0,153.0,117.0,45.0,76.0,51.0,27.0,103.0,34.0,38.0,15.0,90.0,67.0,99.0,48.0,98.0,49.0,83.0,97.0,89.0,68.0,51.0,111.0,70.0,13.0,12.0,15.0,0.0,37.0,115.0,70.0
complexity_associated_with_environmental_labelling_and_certification_percentage,Q7,20.4,25.0,17.1,17.7,23.9,29.9,10.8,6.0,28.7,27.4,23.1,10.9,14.8,23.5,7.4,23.0,14.0,10.3,6.3,16.9,15.1,19.9,9.7,20.1,13.5,17.8,22.1,18.4,16.0,25.3,26.8,17.1,17.5,17.7,5.6,0.7,10.1,30.2,15.7
complex_environmental_reporting_requirements,Q7,3154.0,140.0,92.0,173.0,104.0,169.0,49.0,66.0,140.0,220.0,149.0,62.0,116.0,49.0,65.0,152.0,13.0,65.0,24.0,65.0,49.0,117.0,69.0,113.0,63.0,137.0,88.0,125.0,64.0,49.0,134.0,68.0,8.0,5.0,36.0,1.0,67.0,100.0,68.0
complex_environmental_reporting_requirements_percentage,Q7,26.1,27.4,21.7,34.4,26.3,33.4,11.9,14.8,28.5,39.6,29.4,14.9,22.4,22.6,17.9,34.0,5.3,17.5,10.0,12.2,11.1,23.6,14.1,23.2,17.3,29.1,20.1,25.6,14.9,24.1,32.5,16.5,10.5,7.3,13.3,1.3,18.6,26.2,15.3
other_do_not_read_out_,Q7,169.0,0.0,12.0,1.0,15.0,21.0,1.0,8.0,1.0,0.0,2.0,10.0,12.0,0.0,3.0,4.0,5.0,7.0,18.0,0.0,9.0,8.0,19.0,0.0,30.0,6.0,1.0,1.0,1.0,0.0,5.0,4.0,0.0,8.0,25.0,0.0,3.0,0.0,0.0
other_do_not_read_out__percentage,Q7,1.4,0.1,2.7,0.2,3.7,4.3,0.3,1.7,0.2,0.0,0.3,2.4,2.3,0.0,0.7,0.9,2.2,1.8,7.6,0.0,2.0,1.7,3.9,0.0,8.4,1.3,0.2,0.1,0.2,0.1,1.3,1.0,0.1,11.9,9.1,0.3,0.9,0.0,0.0
none_do_not_read_out_,Q7,3167.0,147.0,92.0,122.0,111.0,141.0,210.0,46.0,161.0,100.0,68.0,132.0,176.0,83.0,152.0,179.0,47.0,143.0,88.0,257.0,78.0,80.0,103.0,128.0,130.0,138.0,151.0,166.0,130.0,64.0,92.0,115.0,30.0,18.0,101.0,25.0,94.0,116.0,177.0
none_do_not_read_out__percentage,Q7,26.2,28.9,21.7,24.3,28.1,27.8,51.0,10.3,32.7,18.0,13.5,32.0,34.2,38.8,42.0,39.9,19.6,38.4,37.0,48.3,17.7,16.0,21.0,26.4,35.9,29.5,34.3,34.0,30.5,31.2,22.2,28.1,39.7,26.0,37.2,50.2,25.9,30.4,39.6
don_t_know_no_answer,Q7,306.0,7.0,11.0,5.0,22.0,14.0,12.0,24.0,2.0,14.0,20.0,23.0,6.0,2.0,7.0,1.0,21.0,18.0,6.0,3.0,11.0,8.0,46.0,10.0,0.0,15.0,10.0,18.0,3.0,26.0,12.0,25.0,3.0,7.0,13.0,4.0,16.0,6.0,19.0
don_t_know_no_answer_percentage,Q7,2.5,1.4,2.7,1.0,5.6,2.7,2.8,5.3,0.4,2.5,3.9,5.5,1.2,0.9,1.9,0.3,8.7,4.7,2.7,0.6,2.5,1.7,9.4,2.0,0.1,3.1,2.3,3.7,0.6,12.8,2.8,6.0,3.3,10.1,4.6,9.0,4.5,1.6,4.2
base_total,Q8,13124.0,543.0,475.0,544.0,442.0,571.0,497.0,476.0,566.0,566.0,544.0,493.0,545.0,248.0,502.0,488.0,250.0,468.0,249.0,550.0,455.0,553.0,544.0,595.0,459.0,491.0,473.0,537.0,435.0,246.0,470.0,444.0,94.0,93.0,498.0,105.0,469.0,454.0,475.0
base_weighted_total,Q8,13124.0,543.0,475.0,544.0,442.0,571.0,497.0,476.0,566.0,566.0,544.0,493.0,545.0,248.0,502.0,488.0,250.0,468.0,249.0,550.0,455.0,553.0,544.0,595.0,459.0,491.0,473.0,537.0,435.0,246.0,470.0,444.0,94.0,93.0,498.0,105.0,469.0,454.0,475.0
a_tool_to_self_assess_how_resource_efficient_your_company_is_with_respect_to_other_companies,Q8,1905.0,129.0,56.0,46.0,82.0,116.0,35.0,99.0,91.0,130.0,77.0,38.0,58.0,27.0,29.0,60.0,27.0,35.0,27.0,75.0,61.0,79.0,42.0,39.0,37.0,33.0,106.0,104.0,87.0,39.0,110.0,96.0,6.0,4.0,20.0,4.0,17.0,73.0,73.0
a_tool_to_self_assess_how_resource_efficient_your_company_is_with_respect_to_other_companies_percentage,Q8,14.5,23.8,11.8,8.4,18.7,20.3,7.1,20.9,16.0,23.0,14.1,7.7,10.6,11.0,5.7,12.3,10.9,7.4,10.8,13.6,13.5,14.3,7.8,6.5,8.0,6.7,22.3,19.4,19.9,15.9,23.5,21.7,6.4,4.0,4.0,3.5,3.7,16.2,15.3
consultancy_on_how_to_improve_resource_efficiency_in_your_company,Q8,3220.0,142.0,116.0,112.0,134.0,97.0,70.0,65.0,173.0,213.0,127.0,76.0,156.0,75.0,88.0,160.0,55.0,89.0,39.0,152.0,81.0,76.0,120.0,154.0,72.0,126.0,126.0,144.0,69.0,77.0,76.0,104.0,4.0,29.0,53.0,21.0,100.0,85.0,88.0
consultancy_on_how_to_improve_resource_efficiency_in_your_company_percentage,Q8,24.5,26.2,24.4,20.6,30.4,17.0,14.2,13.7,30.6,37.7,23.3,15.5,28.7,30.3,17.5,32.7,22.0,19.1,15.6,27.6,17.7,13.8,22.0,25.8,15.7,25.6,26.6,26.9,15.8,31.2,16.1,23.4,4.2,31.5,10.7,19.6,21.4,18.8,18.5
grants_or_subsidies,Q8,4794.0,241.0,193.0,172.0,134.0,193.0,163.0,184.0,315.0,259.0,216.0,222.0,108.0,145.0,139.0,231.0,68.0,221.0,141.0,182.0,145.0,219.0,146.0,270.0,241.0,247.0,153.0,193.0,187.0,57.0,163.0,203.0,57.0,45.0,215.0,26.0,263.0,83.0,138.0
grants_or_subsidies_percentage,Q8,36.5,44.4,40.6,31.7,30.3,33.8,32.9,38.6,55.7,45.8,39.7,45.1,19.7,58.7,27.6,47.3,27.3,47.2,56.5,33.0,31.9,39.7,26.8,45.4,52.5,50.3,32.2,35.9,42.9,23.0,34.6,45.7,60.9,48.5,43.2,24.5,56.1,18.4,29.0
advice_on_funding_possibilities_and_financial_planning_for_resource_efficiency_investments,Q8,3070.0,163.0,117.0,162.0,83.0,84.0,83.0,88.0,177.0,189.0,149.0,89.0,102.0,78.0,94.0,165.0,67.0,56.0,84.0,64.0,139.0,122.0,158.0,205.0,71.0,148.0,61.0,93.0,133.0,26.0,137.0,82.0,18.0,10.0,71.0,12.0,79.0,108.0,97.0
advice_on_funding_possibilities_and_financial_planning_for_resource_efficiency_investments_percentage,Q8,23.4,30.0,24.6,29.8,18.7,14.7,16.6,18.5,31.3,33.4,27.3,18.1,18.8,31.3,18.7,33.9,26.8,11.9,33.6,11.7,30.5,22.0,29.1,34.4,15.5,30.2,13.0,17.3,30.5,10.7,29.2,18.6,19.5,10.8,14.2,11.3,16.8,23.8,20.4
demonstration_of_new_technologies_or_processes_to_improve_resource_efficiency,Q8,2839.0,157.0,71.0,154.0,117.0,129.0,95.0,127.0,146.0,130.0,115.0,71.0,126.0,77.0,81.0,117.0,68.0,122.0,42.0,102.0,93.0,85.0,70.0,127.0,59.0,109.0,91.0,120.0,87.0,81.0,103.0,128.0,17.0,9.0,40.0,8.0,72.0,131.0,118.0
demonstration_of_new_technologies_or_processes_to_improve_resource_efficiency_percentage,Q8,21.6,28.9,15.0,28.4,26.6,22.6,19.1,26.7,25.7,23.0,21.1,14.3,23.1,31.2,16.1,23.9,27.2,26.0,16.7,18.6,20.4,15.3,12.8,21.3,12.9,22.2,19.2,22.4,20.1,33.0,21.9,28.8,17.9,10.0,8.1,7.9,15.3,28.8,24.8
database_with_case_studies_that_show_the_benefits_of_resource_efficiency_for_companies,Q8,2124.0,117.0,92.0,102.0,102.0,118.0,79.0,60.0,91.0,141.0,68.0,43.0,59.0,40.0,46.0,74.0,41.0,47.0,45.0,88.0,108.0,87.0,35.0,100.0,80.0,103.0,85.0,90.0,60.0,39.0,64.0,87.0,14.0,5.0,22.0,3.0,42.0,82.0,67.0
database_with_case_studies_that_show_the_benefits_of_resource_efficiency_for_companies_percentage,Q8,16.2,21.6,19.4,18.7,23.0,20.7,15.8,12.7,16.1,24.9,12.5,8.7,10.8,16.1,9.3,15.1,16.4,10.1,18.1,16.1,23.7,15.6,6.4,16.8,17.4,21.0,18.0,16.8,13.9,15.9,13.7,19.7,15.1,4.9,4.5,2.7,9.0,18.0,14.1
better_cooperation_between_companies_across_sectors_so_that_new_processes_to_re_use_waste_and_by_products_can_be_developed,Q8,3249.0,177.0,126.0,125.0,109.0,101.0,111.0,84.0,91.0,182.0,155.0,72.0,154.0,25.0,53.0,107.0,44.0,67.0,70.0,175.0,97.0,91.0,110.0,175.0,67.0,108.0,138.0,129.0,106.0,49.0,174.0,99.0,17.0,13.0,93.0,22.0,87.0,122.0,108.0
better_cooperation_between_companies_across_sectors_so_that_new_processes_to_re_use_waste_and_by_products_can_be_developed_percentage,Q8,24.8,32.5,26.6,23.1,24.7,17.7,22.4,17.7,16.1,32.2,28.4,14.6,28.3,10.0,10.6,21.9,17.8,14.4,28.2,31.7,21.2,16.4,20.3,29.5,14.7,22.0,29.2,24.1,24.4,20.1,37.0,22.2,17.9,14.4,18.8,20.8,18.5,26.9,22.6
clearer_rules_on_the_use_of_secondary_raw_materials,Q8,2436.0,133.0,91.0,103.0,38.0,96.0,46.0,71.0,35.0,110.0,93.0,45.0,153.0,28.0,48.0,90.0,53.0,29.0,25.0,55.0,85.0,138.0,91.0,116.0,67.0,78.0,90.0,58.0,54.0,37.0,65.0,76.0,11.0,27.0,33.0,8.0,61.0,87.0,71.0
clearer_rules_on_the_use_of_secondary_raw_materials_percentage,Q8,18.6,24.4,19.1,19.0,8.5,16.8,9.3,14.9,6.1,19.5,17.0,9.1,28.2,11.4,9.6,18.4,21.1,6.2,9.9,10.0,18.6,24.9,16.8,19.5,14.5,15.9,19.0,10.9,12.4,14.9,13.9,17.2,12.1,29.3,6.6,7.8,12.9,19.1,14.9
other_do_not_read_out_,Q8,169.0,5.0,0.0,9.0,27.0,5.0,8.0,2.0,0.0,5.0,16.0,5.0,0.0,0.0,9.0,0.0,9.0,16.0,9.0,1.0,0.0,9.0,10.0,2.0,30.0,7.0,9.0,9.0,0.0,4.0,15.0,7.0,3.0,6.0,49.0,0.0,11.0,0.0,0.0
other_do_not_read_out__percentage,Q8,1.3,0.9,0.0,1.7,6.2,0.9,1.6,0.4,0.0,0.9,3.0,1.0,0.0,0.0,1.8,0.0,3.7,3.5,3.7,0.3,0.0,1.6,1.9,0.4,6.5,1.5,1.9,1.7,0.0,1.5,3.1,1.5,2.7,6.3,9.8,0.0,2.3,0.0,0.0
none_do_not_read_out_,Q8,1927.0,84.0,83.0,101.0,68.0,134.0,122.0,49.0,66.0,34.0,48.0,110.0,77.0,45.0,137.0,86.0,35.0,117.0,32.0,124.0,60.0,88.0,51.0,66.0,78.0,58.0,88.0,88.0,53.0,33.0,40.0,62.0,9.0,15.0,110.0,29.0,68.0,103.0,119.0
none_do_not_read_out__percentage,Q8,14.7,15.5,17.5,18.6,15.4,23.5,24.5,10.2,11.7,6.0,8.9,22.3,14.1,18.2,27.3,17.7,14.0,25.1,12.9,22.5,13.3,16.0,9.4,11.1,17.0,11.9,18.5,16.3,12.1,13.4,8.6,14.0,9.8,16.5,22.2,27.9,14.6,22.6,25.0
don_t_know_no_answer,Q8,514.0,3.0,7.0,11.0,20.0,9.0,10.0,12.0,4.0,21.0,11.0,20.0,41.0,2.0,26.0,1.0,2.0,10.0,11.0,34.0,9.0,26.0,66.0,16.0,0.0,15.0,6.0,33.0,10.0,26.0,19.0,25.0,4.0,3.0,20.0,0.0,6.0,12.0,12.0
don_t_know_no_answer_percentage,Q8,3.9,0.6,1.4,2.1,4.6,1.6,1.9,2.6,0.7,3.8,2.1,4.1,7.4,0.8,5.2,0.3,0.7,2.2,4.3,6.2,2.0,4.7,12.1,2.7,0.0,3.1,1.3,6.1,2.3,10.8,4.1,5.7,4.3,3.0,4.0,0.0,1.3,2.7,2.6
